system:index,0_remapped,10_remapped,11_remapped,12_remapped,13_remapped,14_remapped,15_remapped,16_remapped,17_remapped,18_remapped,19_remapped,1_remapped,20_remapped,21_remapped,22_remapped,23_remapped,2_remapped,3_remapped,4_remapped,5_remapped,6_remapped,7_remapped,8_remapped,9_remapped,.geo
0,0.0,5.791825601953125E10,6.560962442409375E10,8.731692053521875E10,9.248135922896875E10,9.637429273134375E10,1.0561848732509375E11,1.1349688821309375E11,1.1974572741984375E11,1.2315367390340625E11,1.2591747555259375E11,1.81859520625E7,1.2836203704334375E11,1.3089993348396875E11,1.4084563650884375E11,1.4086081094978125E11,2.950477575E7,4.8608530450625E9,9.0092238285625E9,1.2258856159E10,1.63094535325625E10,3.094194420171875E10,4.347163681759375E10,5.198651763878125E10,
