system:index,2001_01_01_remapped,2002_01_01_remapped,2003_01_01_remapped,2004_01_01_remapped,2005_01_01_remapped,2006_01_01_remapped,2007_01_01_remapped,2008_01_01_remapped,2009_01_01_remapped,2010_01_01_remapped,2011_01_01_remapped,2012_01_01_remapped,2013_01_01_remapped,2014_01_01_remapped,2015_01_01_remapped,.geo
0,0.0,1.4461333979696875E11,2.4791170950359375E11,3.665204703738125E11,4.7006513844690625E11,5.59486417117E11,6.35706260411125E11,7.011951422274375E11,7.692234103305938E11,8.377845240575938E11,9.036732019260312E11,9.667401154550625E11,1.027111309147125E12,1.0798308065459688E12,1.1096987490894375E12,
